ANO4,cobertura,grupo_etario,sexo,casos_muestrales,poblacion_expandida,asalariados_muestra
2019,Total Nacional,Total,Total,234375,113048669,NA
2020,Total Nacional,Total,Total,174227,114388259,NA
2021,Total Nacional,Total,Total,192600,115625506,NA
2022,Total Nacional,Total,Total,198097,116683558,NA
2023,Total Nacional,Total,Total,193382,117726437,NA
2024,Total Nacional,Total,Total,187625,118753274,NA
2025,Total Nacional,Total,Total,180160,119759248,NA
2019,Gran Mendoza,Total,Total,6031,2679596,2783
2020,Gran Mendoza,Total,Total,5793,2732296,2491
2021,Gran Mendoza,Total,Total,5839,2729035,2760
2022,Gran Mendoza,Total,Total,5403,2744596,2639
2023,Gran Mendoza,Total,Total,5266,2771206,2616
2024,Gran Mendoza,Total,Total,4896,2800815,1187
2025,Gran Mendoza,Total,Total,4973,2832937,2340
2019,Gran Mendoza,Adultos (30-64),Mujeres,2006,886695,955
2019,Gran Mendoza,Adultos (30-64),Varones,1768,789893,1034
2019,Gran Mendoza,Jóvenes (14-29),Mujeres,1122,494891,341
2019,Gran Mendoza,Jóvenes (14-29),Varones,1135,508117,453
2020,Gran Mendoza,Adultos (30-64),Mujeres,1966,913072,894
2020,Gran Mendoza,Adultos (30-64),Varones,1697,804712,946
2020,Gran Mendoza,Jóvenes (14-29),Mujeres,1023,486474,249
2020,Gran Mendoza,Jóvenes (14-29),Varones,1107,528038,402
2021,Gran Mendoza,Adultos (30-64),Mujeres,2000,897532,983
2021,Gran Mendoza,Adultos (30-64),Varones,1759,847860,1025
2021,Gran Mendoza,Jóvenes (14-29),Mujeres,1030,488694,303
2021,Gran Mendoza,Jóvenes (14-29),Varones,1050,494949,449
2022,Gran Mendoza,Adultos (30-64),Mujeres,1867,909078,922
2022,Gran Mendoza,Adultos (30-64),Varones,1678,862448,1015
2022,Gran Mendoza,Jóvenes (14-29),Mujeres,984,484353,315
2022,Gran Mendoza,Jóvenes (14-29),Varones,874,488717,387
2023,Gran Mendoza,Adultos (30-64),Mujeres,1832,920492,945
2023,Gran Mendoza,Adultos (30-64),Varones,1606,876848,1010
2023,Gran Mendoza,Jóvenes (14-29),Mujeres,978,487702,297
2023,Gran Mendoza,Jóvenes (14-29),Varones,850,486164,364
2024,Gran Mendoza,Adultos (30-64),Mujeres,1712,931623,425
2024,Gran Mendoza,Adultos (30-64),Varones,1449,890935,427
2024,Gran Mendoza,Jóvenes (14-29),Mujeres,850,481553,128
2024,Gran Mendoza,Jóvenes (14-29),Varones,885,496704,207
2025,Gran Mendoza,Adultos (30-64),Mujeres,1715,942248,857
2025,Gran Mendoza,Adultos (30-64),Varones,1522,904465,880
2025,Gran Mendoza,Jóvenes (14-29),Mujeres,872,492358,248
2025,Gran Mendoza,Jóvenes (14-29),Varones,864,493866,355
