ANO4,poblacion_total,pea,ocupados,desocupados,asalariados_totales,asalariados_informales,tasa_actividad,tasa_empleo,tasa_desocupacion,tasa_informalidad_asalariados,grupo_etario,sexo
2019,2679596,1851144,1693354,157790,1239946,472536,69.1,63.2,8.5,38.1,Total Poblacional,Total
2020,2732296,1874374,1666361,208013,1164566,443222,68.6,61,11.1,38.1,Total Poblacional,Total
2021,2729035,1997552,1833519,164033,1288006,544231,73.2,67.2,8.2,42.3,Total Poblacional,Total
2022,2744596,2014739,1900700,114039,1347744,562411,73.4,69.3,5.7,41.7,Total Poblacional,Total
2023,2771206,1982563,1880747,101816,1384958,567463,71.5,67.9,5.1,41,Total Poblacional,Total
2024,2800815,2002669,1897574,105095,687498,287754,71.5,67.8,5.2,41.9,Total Poblacional,Total
2025,2832937,2029369,1894010,135359,1332501,582288,71.6,66.9,6.7,43.7,Total Poblacional,Total
2019,1676588,1349761,1262010,87751,882593,262502,80.5,75.3,6.5,29.7,Adultos (30-64),Total
2019,1003008,501383,431344,70039,357353,210034,50,43,14,58.8,Jóvenes (14-29),Total
2020,1717784,1352456,1239107,113349,849469,244633,78.7,72.1,8.4,28.8,Adultos (30-64),Total
2020,1014512,521918,427254,94664,315097,198589,51.4,42.1,18.1,63,Jóvenes (14-29),Total
2021,1745392,1451288,1365372,85916,928924,300917,83.1,78.2,5.9,32.4,Adultos (30-64),Total
2021,983643,546264,468147,78117,359082,243314,55.5,47.6,14.3,67.8,Jóvenes (14-29),Total
2022,1771526,1475381,1419031,56350,973830,328215,83.3,80.1,3.8,33.7,Adultos (30-64),Total
2022,973070,539358,481669,57689,373914,234196,55.4,49.5,10.7,62.6,Jóvenes (14-29),Total
2023,1797340,1495735,1439502,56233,1029360,352640,83.2,80.1,3.8,34.3,Adultos (30-64),Total
2023,973866,486828,441245,45583,355598,214823,50,45.3,9.4,60.4,Jóvenes (14-29),Total
2024,1822558,1525187,1461605,63582,504837,177679,83.7,80.2,4.2,35.2,Adultos (30-64),Total
2024,978257,477482,435969,41513,182661,110075,48.8,44.6,8.7,60.3,Jóvenes (14-29),Total
2025,1846713,1538972,1462096,76876,986768,361672,83.3,79.2,5,36.7,Adultos (30-64),Total
2025,986224,490397,431914,58483,345733,220616,49.7,43.8,11.9,63.8,Jóvenes (14-29),Total
2019,1381586,841469,749784,91685,576887,233735,60.9,54.3,10.9,40.5,Total,Mujeres
2019,1298010,1009675,943570,66105,663059,238801,77.8,72.7,6.5,36,Total,Varones
2020,1399546,835109,721654,113455,523826,183051,59.7,51.6,13.6,34.9,Total,Mujeres
2020,1332750,1039265,944707,94558,640740,260171,78,70.9,9.1,40.6,Total,Varones
2021,1386226,908649,809453,99196,579203,252445,65.5,58.4,10.9,43.6,Total,Mujeres
2021,1342809,1088903,1024066,64837,708803,291786,81.1,76.3,6,41.2,Total,Varones
2022,1393431,911222,840529,70693,606276,285075,65.4,60.3,7.8,47,Total,Mujeres
2022,1351165,1103517,1060171,43346,741468,277336,81.7,78.5,3.9,37.4,Total,Varones
2023,1408194,873223,817205,56018,627943,295758,62,58,6.4,47.1,Total,Mujeres
2023,1363012,1109340,1063542,45798,757015,271705,81.4,78,4.1,35.9,Total,Varones
2024,1413176,883449,834954,48495,307449,141848,62.5,59.1,5.5,46.1,Total,Mujeres
2024,1387639,1119220,1062620,56600,380049,145906,80.7,76.6,5.1,38.4,Total,Varones
2025,1434606,901731,830580,71151,603384,281998,62.9,57.9,7.9,46.7,Total,Mujeres
2025,1398331,1127638,1063430,64208,729117,300290,80.6,76,5.7,41.2,Total,Varones
2019,886695,615703,564254,51449,422092,139071,69.4,63.6,8.4,32.9,Adultos (30-64),Mujeres
2019,789893,734058,697756,36302,460501,123431,92.9,88.3,4.9,26.8,Adultos (30-64),Varones
2019,494891,225766,185530,40236,154795,94664,45.6,37.5,17.8,61.2,Jóvenes (14-29),Mujeres
2019,508117,275617,245814,29803,202558,115370,54.2,48.4,10.8,57,Jóvenes (14-29),Varones
2020,913072,623563,556481,67082,403374,111207,68.3,60.9,10.8,27.6,Adultos (30-64),Mujeres
2020,804712,728893,682626,46267,446095,133426,90.6,84.8,6.3,29.9,Adultos (30-64),Varones
2020,486474,211546,165173,46373,120452,71844,43.5,34,21.9,59.6,Jóvenes (14-29),Mujeres
2020,528038,310372,262081,48291,194645,126745,58.8,49.6,15.6,65.1,Jóvenes (14-29),Varones
2021,897532,663241,610737,52504,434751,149197,73.9,68,7.9,34.3,Adultos (30-64),Mujeres
2021,847860,788047,754635,33412,494173,151720,92.9,89,4.2,30.7,Adultos (30-64),Varones
2021,488694,245408,198716,46692,144452,103248,50.2,40.7,19,71.5,Jóvenes (14-29),Mujeres
2021,494949,300856,269431,31425,214630,140066,60.8,54.4,10.4,65.3,Jóvenes (14-29),Varones
2022,909078,670966,632442,38524,450375,178139,73.8,69.6,5.7,39.6,Adultos (30-64),Mujeres
2022,862448,804415,786589,17826,523455,150076,93.3,91.2,2.2,28.7,Adultos (30-64),Varones
2022,484353,240256,208087,32169,155901,106936,49.6,43,13.4,68.6,Jóvenes (14-29),Mujeres
2022,488717,299102,273582,25520,218013,127260,61.2,56,8.5,58.4,Jóvenes (14-29),Varones
2023,920492,666827,635150,31677,480048,197303,72.4,69,4.8,41.1,Adultos (30-64),Mujeres
2023,876848,828908,804352,24556,549312,155337,94.5,91.7,3,28.3,Adultos (30-64),Varones
2023,487702,206396,182055,24341,147895,98455,42.3,37.3,11.8,66.6,Jóvenes (14-29),Mujeres
2023,486164,280432,259190,21242,207703,116368,57.7,53.3,7.6,56,Jóvenes (14-29),Varones
2024,931623,687699,654579,33120,237504,93784,73.8,70.3,4.8,39.5,Adultos (30-64),Mujeres
2024,890935,837488,807026,30462,267333,83895,94,90.6,3.6,31.4,Adultos (30-64),Varones
2024,481553,195750,180375,15375,69945,48064,40.6,37.5,7.9,68.7,Jóvenes (14-29),Mujeres
2024,496704,281732,255594,26138,112716,62011,56.7,51.5,9.3,55,Jóvenes (14-29),Varones
2025,942248,695536,655957,39579,465021,190056,73.8,69.6,5.7,40.9,Adultos (30-64),Mujeres
2025,904465,843436,806139,37297,521747,171616,93.3,89.1,4.4,32.9,Adultos (30-64),Varones
2025,492358,206195,174623,31572,138363,91942,41.9,35.5,15.3,66.4,Jóvenes (14-29),Mujeres
2025,493866,284202,257291,26911,207370,128674,57.5,52.1,9.5,62.1,Jóvenes (14-29),Varones
